text,source_party,label,source,reliability,bias
Their website (discoverbaja.com; 800-727-BAJA) provides members with up-to-date information regarding road conditions and best routing to return to the U.S. border.,Lean Left,0,san-diego-union-tribune,45.68,-1.76
"The performances are long, it is often sung in a foreign language, and there are so many different terms to learn and remember!",Left,1,alternet,32.71,-14.76
She was paddleboarding with a male relative at the rear of the resort in western New Providence.,Lean Right,0,boston-herald,36.31,9.68
"But we live in a world of other people’s children, so this is not a cost to government but an investment in all our futures.",Lean Left,1,the-guardian,40.67,-7.97
Fully 77% of Latinos in Arizona do not believe the American Dream is achievable.,Right,0,american-greatness,18.93,22.45
The Palestinians are poor and lack all but the bare rudiments of a modern conventional military: this is why they have turned to terrorism and targeting civilians in order to try and achieve their political aims.,Right,1,american-greatness,18.93,22.45
The U.S. needs to take a hardnosed look at what precisely the U.S. gained from these exchanges-did they help or hinder U.S. national security?,Right,0,american-greatness,18.93,22.45
"In team meetings, conflicts and resentments play out in the language of politeness.",Lean Left,1,the-economist,42.4,-1.43
"In both clothes (in an interview in the Meta offices in London, then on Zoom, he wears similarly sensible things) and manner (he is one of those rare, appealing sorts who doesn’t merely speak but listens), he feels less like an international whizz and more like someone’s nice dad.",Lean Left,1,the-economist,42.4,-1.43
"The best large economy is France, with two gold medals and three silvers.",Lean Left,1,the-economist,42.4,-1.43
"He could remain in power for years and if he does, he will threaten war because that is his excuse for domestic repression and his own people’s suffering.",Lean Left,1,the-economist,42.4,-1.43
"Just in case, we'll leave the donation door open until midnight today for you procrastinators (ahem, Matt Welch, ahem) out there.",Lean Right,1,reason,36.26,4.84
The above is the backdrop against which a very important research paper should be read.,Lean Right,1,reason,36.26,4.84
"After a court sided with the airlines, an appeals court overturned that decision.",Lean Right,0,reason,36.26,4.84
"But last December, the Justice Department reversed course and issued a new memo finding that the BOP had the discretion to leave them under house arrest for the remainder of their sentences.",Lean Right,0,reason,36.26,4.84
"Grace has shown not only that she’s got guts, but also that there’s power in telling ourselves a different story.",Left,0,vox,39.59,-10.05
"For new customers looking get started at one of the top in the Keystone State, it’s an offer that’s tough to beat.",Lean Left,1,usa-today,40.78,-4.12
"Jobs were quit, homes were abandoned, and relationships were severed as they chased a huge cash prize.",Center,1,wired,36.77,-7.24
But the work of recruitment and staffing agencies often falls into a regulatory gray area.,Center,0,quartz,43.87,-4.77
Advertisement But scholars have criticized the megatrend bandwagon for at least as long as it has been gathering speed.,Center,0,quartz,43.87,-4.77
"As we celebrate the Christmas season, many foundations and charities do incredible work this time of year.",Right,0,fox-news,35.44,11.06
HOT HOT Italy Sky Italia Jamaica Jamaica Digicel Jamaica Digicel Jamaica Flow (Colombus) Network Cable Services Network Cable Services Telstar Telstar Japan Americable Silknet Jordan None Kenya Zuku Kuwait None Latvia Baltcom Lebanon None Libya None Macau Macau Cable TV Majuro (MHTV) Marshall Islands Telecomm.,Right,0,fox-news,35.44,11.06
"In a Facebook post, the Police Department said that officers first received reports of a stuck pup at 2 p.m. from a woman who was babysitting Spike.",Right,0,wnd,13.06,21.0
"Biden asked Netanyahu for a three-day break in the war to allow for the release of hostages, and has since expanded the administration’s humanitarian aid into Gaza during the period.",Right,0,wnd,13.06,21.0
When he gets paid $3.5 million from the mayor of Moscow’s wife.,Right,1,wnd,13.06,21.0
Advertisement Watching everything else going wrong around the world while simply trying to survive the last (GOD WILLING) year of our vegetable-in-chief will also add to the volatility of the situation.,Lean Right,1,hotair,24.77,12.78
"If Hoffman’s name sounds familiar, it’s because Hoffman is committed to stopping Donald Trump - very committed.",Lean Right,1,hotair,24.77,12.78
Willingly attempt to murder as many of the men and women they spent the better part of every day with for months on end as they possibly could.,Lean Right,1,hotair,24.77,12.78
He issued a statement in order to brag about the successful effort in Ohio to pass an amendment that enshrines access to abortion and a string of other reproductive rights.,Lean Right,1,hotair,24.77,12.78
"If we can’t agree that rape is wrong, then we have accepted the unacceptable.",Lean Right,1,hotair,24.77,12.78
"Our mission as Democrats is to defeat authoritarians, not become them.",Lean Right,1,hotair,24.77,12.78
"Instead of securing the border, DHS Chief Mayorkas is busy warning Border Patrol agents not to misgender illegal aliens.",Right,1,the-gateway-pundit,14.91,23.64
NLRB dropped a similar investigation against The Daily Wire following NCLA intervention.,Lean Right,0,just-the-news,33.31,10.7
"The legislation would also require mandatory trustee training and syllabus transparency, allowing students, families and taxpayers to know course content, reading materials and individual professors.",Lean Right,0,just-the-news,33.31,10.7
"Now since then, Ukrainians were on the offensive; it was a slow, methodical offensive.""",Lean Right,0,just-the-news,33.31,10.7
"A VinFast EV car on display at the New York Auto Show, April 13, 2022.",Center,0,cnbc,43.82,-1.81
"Experian's calculator estimates with the same monthly payment ($400) and the lower APR, you can pay off the balance in 22 months and only pay $875 in interest charges overall.",Center,0,cnbc,43.82,-1.81
"In fact, China has stepped up its aggression since it rejected a 2016 ruling by the Permanent Court of Arbitration in The Hague that struck down its expansive territorial claims in the South China Sea as lacking legal basis in a case brought by the Philippines.",Center,1,cnbc,43.82,-1.81
"At the time of the post, however, the White House blasted Musk for appearing to support antisemitism on social media.",Center,0,cnbc,43.82,-1.81
He is a product of the church who became a critic from within.,Left,1,new-york-magazine,39.84,-9.95
"In the latest episode of On With Kara Swisher, Kara had a long, refreshingly frank talk with the Wisconsin Republican which she afterward called one of her most important interviews of the year.",Left,0,new-york-magazine,39.84,-9.95
"We watch his body strain, stumble, get stripped naked, and, in a devastating piece of puppetry, repeatedly crumple in grief.",Left,1,new-york-magazine,39.84,-9.95
"Perhaps for these reasons, many of the left’s greatest advances in the 20th century came amid relatively high levels of support for status-quo political and economic institutions.",Left,1,new-york-magazine,39.84,-9.95
"And of course, for the OG Prada fans, there’s a one-of-a-kind gift shop.",Left,1,new-york-magazine,39.84,-9.95
This issue can help address the disturbing practice of personal data collection from big tech companies.,Right,0,the-american-conservative,31.63,14.44
The mistakes of Silicon Valley seem doomed to be repeated when it comes to AI.,Lean Left,1,time-magazine,41.12,-7.42
"The emergency stockpile is currently at its lowest level since 1983 The repeated release of crude oil from the US Strategic Petroleum Reserve (SPR) by the Biden administration has left the national stockpile at its lowest in more than 30 years, according to US Oil and Gas Association President Tim Stewart.",Lean Right,1,rt,28.66,11.46
"Orban’s steadfast defense against illegal migration and Hungary’s financial burdens, exacerbated by a lack of adequate EU support, reflects a commitment to preserving national autonomy against external pressures.",Lean Right,1,rt,28.66,11.46
"The sit-down then became heated, as lawmakers shifted their focus to the debate over US border policy and continued aid to Kiev.",Lean Right,0,rt,28.66,11.46
"But Rajchl hopes to run for the European Parliament in June 2024, primarily so he can take on Brussels directly.",Lean Right,0,rt,28.66,11.46
"New Delhi has also continued buying weapons from Moscow, which remains the Southeast Asian nation’s key arms supplier.",Lean Right,0,rt,28.66,11.46
"The Grammy-winning rapper, who has 19 albums under his belt, is no stranger to lending his name and image to popular brands.",Lean Right,0,rt,28.66,11.46
"The White House claims that it is putting certain restrictions on the Israeli army as it plans to invade the south of Gaza, but in the same breath offers unconditional support for Israel’s actions.",Lean Right,1,rt,28.66,11.46
"So, rather than a mysterious political conspiracy wrapped in secrecy and malign intentions, this outbreak has a much simpler explanation: China is facing its first winter after having opened up from its zero-Covid policy and therefore old illnesses are reasserting themselves.",Lean Right,1,rt,28.66,11.46
We must take these radicals up on their challenge and defeat this noxious worldview if we are to preserve the blessings of America for our progeny.,Right,1,the-federalist,21.77,18.67
"Every time Israel is compelled to crack down on Hamas - in this case, in what would have been a preemptive measure - brings world condemnation and pressure from everyone, including allies.",Right,1,the-federalist,21.77,18.67
"And after Jan. 6, 2021, they have cheered on the blatant weaponization of the justice system unleashed by Biden and the Democrats.",Right,1,the-federalist,21.77,18.67
The Warren-Braun letter noted that large insurers that also own pharmaceutical benefit managers (PBMs) have a financial incentive to charge higher prices for cheap generic drugs.,Right,0,the-federalist,21.77,18.67
The novella is about the healing power of Christmas and follows a man who tells his story to a nurse after being admitted to the hospital.,Right,0,independent-journal-review,25.81,12.82
"Meanwhile, other WeChat users shared similar instances of having their QR codes hijacked, illustrating the pitfalls of the digitized ordering system.",Lean Right,0,new-york-post,31.92,9.28
"Their shooting percentage is impressive, ranked 16th nationally in overall field goal percentage.",Lean Right,0,new-york-post,31.92,9.28
"3 Rockstar Games released its first look for the sixth game of the cult-classic video game series Monday evening - roughly 15 hours before the planned Tuesday morning unveiling AP 3 The next installment will be set in the Miami-inspired Vice City and star a female protagonist, a first for the franchise.",Lean Right,0,new-york-post,31.92,9.28
Then tack on that report of his supposed hesitance to play and this makes Sunday a day that could devolve into a very ugly day for the Wilson and the Jets.,Lean Right,1,new-york-post,31.92,9.28
7 Weintraub’s father claimed the teen was kicked out of The Mark after a drunken altercation with a hotel security guard.,Lean Right,0,new-york-post,31.92,9.28
"Gemini also governs exchange and social media, apropos considering TikTok is the preferred arena for savvy Gen Z folk to share their affordable dupes and commerce hacks.",Lean Right,1,new-york-post,31.92,9.28
White Elephant and Secret Santa gifts for $25 and under These unique cocktail glasses are a great present for the Secret Santa who loves to rep their hometown or favorite city.,Lean Right,0,new-york-post,31.92,9.28
"After extensive research and digging through our audience’s most beloved gifts, we rounded up dozens of gift ideas to shop for now, from luxury options to prized skincare sets.",Lean Right,0,new-york-post,31.92,9.28
"If you have a giftee on your list who can take the heat, consider picking up this 12 Days of Hot Sauce Advent Calendar, an outside-the-box way to keep things spicy around the holidays.",Lean Right,1,new-york-post,31.92,9.28
Customers rave about how warm and stylish they are and we couldn’t agree more.,Lean Right,1,new-york-post,31.92,9.28
"The fourth quarter is Amazon’s most crucial, as it includes holiday shopping.",Lean Right,0,new-york-post,31.92,9.28
She paired her futuristic top with a curve-hugging black maxi skirt.,Lean Right,0,new-york-post,31.92,9.28
"Although 4.1 million tickets were sold - with 2 million on the first day - scalpers tried to sell on secondary market for up to $22,000.",Lean Right,0,new-york-post,31.92,9.28
"Cancer is highly intuitive, borderline haunted by their perceptions, but remember intuition is dulled by the hive of a crowd, so use this watery full moon as an excuse to stay in and get high on your own supply.",Lean Right,1,new-york-post,31.92,9.28
"It even has a dehydrate setting, which is rare in ovens in this category (and price).",Lean Right,0,new-york-post,31.92,9.28
A classic game set that exudes elegance and offers hours of entertainment.,Lean Right,0,new-york-post,31.92,9.28
"It doesn’t come with the whiskey, but you get mixers to play with each night leading up to Christmas.",Lean Right,0,new-york-post,31.92,9.28
"What it was was a humbling, a hammering, a humiliating 146-122 dismantling, the Bucks taking the Knicks both to school and to the woodshed.",Lean Right,1,new-york-post,31.92,9.28
"Ginger has since been involved mostly with women who have stolen from her, treated her badly and lied to her.",Lean Right,1,new-york-post,31.92,9.28
"It’s not just Amazon Scammers also pretend to be from subscription services like NortonLifeLock or McAfee, talking about pricey renewals.",Lean Right,1,new-york-post,31.92,9.28
Check out more newsletters The military accuses Hamas of using civilians as human shields when the terrorists operate in dense residential areas.,Lean Right,1,new-york-post,31.92,9.28
"The mom of two, who honored with the Icon Award at the event, accessorized with a Tyler Ellis clutch and dazzling crocodile-inspired diamond earrings from Orlov.",Lean Right,0,new-york-post,31.92,9.28
The president claims he demanded Shokin’s removal because the prosecutor was corrupt.,Lean Right,0,new-york-post,31.92,9.28
"If you don’t have a super smart TV, this gift is perfect.",Lean Right,0,new-york-post,31.92,9.28
"During this transit, which holds us in its leather-gloved grasp through Dec. 29, the topical will not suffice.",Lean Right,0,new-york-post,31.92,9.28
"Douglas Elliman The property’s 1.84 acres are dotted with a pool, the colorful tennis court and an outdoor kitchen with an Italian pizza oven.",Lean Right,0,new-york-post,31.92,9.28
"In less than two minutes, you’ll have a sweet Starbucks-inspired foam at the top of your lattes.",Lean Right,0,new-york-post,31.92,9.28
It’s something he knew about for a year but waited until three days before the wedding to mention.,Lean Right,1,new-york-post,31.92,9.28
Debate clearly has not been robust on that Ivy League campus.,Lean Right,1,new-york-post,31.92,9.28
"The contenders have taken part in numerous spats since the last GOP debate in Miami Nov. 8, and those back-and-forths will likely show up again on the Alabama stage.",Lean Right,0,new-york-post,31.92,9.28
Ex-Harvard scholar claims she was ousted for pointing out Facebook’s ‘digital harms’,Lean Right,0,new-york-post,31.92,9.28
AFP via Getty Images That further reduced the area where civilians can seek refuge by more than a quarter.,Lean Right,0,new-york-post,31.92,9.28
Amazon’s best-selling Hydro Flask is well-priced at $50 and will be one of your most practical purchases yet.,Lean Right,1,new-york-post,31.92,9.28
"But Israel has not provided accounting for targeting in individual strikes, some of which have leveled entire city blocks and complexes of dozens of multi-story apartment towers.",Lean Right,0,new-york-post,31.92,9.28
The assault into the south threatens to fuel a new wave of displaced Palestinians and a worsening of Gaza’s humanitarian catastrophe.,Lean Right,1,new-york-post,31.92,9.28
"10 A Palestinian child injured in an Israeli airstrike receives treatment at Nasser Medical Hospital on Dec. 6, 2023 in Khan Yunis, Gaza.",Lean Right,0,new-york-post,31.92,9.28
"Gen Z - the surly, quiet-quitting, thumbs up canceling youth born betwixt 1997 and 2012 - have been serving slang both profound and confounding.",Lean Right,1,new-york-post,31.92,9.28
Document one of your giftee’s favorite trips or years in a printed book they can look back on whenever they please.,Lean Right,0,new-york-post,31.92,9.28
It removes 99.99% of bacteria and parasites to make water safe for drinking and is EPA-approved.,Lean Right,0,new-york-post,31.92,9.28
"Experts recommend that beachgoers avoid the water without reef shoes and to always be alert, as the creatures are good at camouflaging themselves.",Lean Right,0,new-york-post,31.92,9.28
"Red Bull might give you wings, but for some that comes with unwanted side effects.",Lean Right,0,new-york-post,31.92,9.28
"Millions of people from all corners of the globe have streamed across the southern border, and a solid percentage of them have headed straight to New York City, where we were foolish enough to rent entire hotels in the middle of Manhattan to shelter these migrants.",Lean Right,1,new-york-post,31.92,9.28
"Kelly: Chris Christie is on the fence right now about whether he’s going to make it, and there’s a very good chance he will not make it.",Lean Right,1,new-york-post,31.92,9.28
The prognosis for Chagas disease varies depending on factors such as early detection and treatment.,Center,0,az-central,42.22,-7.0
"Judge dodged 14th Amendment argument Thus, Rayes was able to dodge the thorny legal question of whether 14th Amendment’s insurrection clause disqualifies Trump from the ballot.",Center,0,az-central,42.22,-7.0
"Taking underdogs on the puck line can turn quickly, especially in the final minute or so with an unwanted empty-net goal, so AVOID.",Center,1,az-central,42.22,-7.0
"Sam Ballesteros/The Republic Frankie Collins (1) jumps up to shoot at Desert Financial Arena in Tempe on Dec. 6, 2023.",Center,0,az-central,42.22,-7.0
But doing so will leave us with a poorer understanding of what motivates those who commit violence against Americans and a greater willingness to resort to military responses to combat them.,Left,1,current-affairs,34.3,-18.14
Any organization that claims to have families’ backs has no business telling parents otherwise.,Left,1,slate,35.17,-12.93
"There are other compelling reasons not to use physical cadavers, including the fact that it’s difficult to see anatomy like lymph nodes, certain blood vessels, and the pancreas on a physical cadaver.",Left,0,slate,35.17,-12.93
"Advertisement Advertisement Elizabeth keeps saying that she wants to make something real, but there’s no indication that she’d recognize the truth if she saw it-or if, indeed, there is such a thing.",Left,1,slate,35.17,-12.93
Baugh had been recruited to crochet a quilt that would be mounted on the back of the main piece to make it double-sided.,Lean Left,0,atlanta-journal-constitution,44.83,-3.84
A network of transfer facilities would provide new amenities such as real-time route information and bathrooms.,Lean Left,0,atlanta-journal-constitution,44.83,-3.84
Atlanta Attorney Suzy Ockleberry testified to City Council last week and said that Webster paved the way for Black female attorneys to sit on the bench.,Lean Left,0,atlanta-journal-constitution,44.83,-3.84
"This leads to a race to the bottom of minimum accepted standards, including a lack of investment in quality systems and limited redundancy.",Lean Right,0,fiscal-times,43.33,-4.18
"While there was broad bipartisan support for Ukraine after Russia invaded in February 2022 - as well as widespread public displays of support for Ukraine - interest in the war among the American public has waned considerably, especially as it has ground to a stalemate with no clear end.",Lean Right,1,fiscal-times,43.33,-4.18
"At times, she’s spoken with more passion than prudence, and at times, her words have hurt metro Detroit’s Jewish communities.",Lean Left,1,detroit-free-press,43.46,-5.43
Kay Pentzien is a teacher at Claugue Middle School in Ann Arbor.,Lean Left,0,detroit-free-press,43.46,-5.43
And there’s no better gift for the ultimate Prince fan than a dope collection of his music.,Lean Left,1,the-root,26.43,-18.51
The suit also reveals how Combs allegedly blew up Kid Cudi’s car once he discovered that Cudi briefly dated Cassie in 2012.,Lean Left,1,the-root,26.43,-18.51
Compare that with the coverage of three other Black men killed by police in January 2023-selected out of more than a dozen others because these particular police killings got more coverage than most other such deaths.,Lean Left,1,fair,32.6,-19.36
And many across the spectrum do see their presence in the occupied West Bank as part of an existential struggle.,Lean Left,0,npr,42.99,-4.27
"The last zone on the evacuation list was 54,"" 29-year-old Heba Usrof told NPR.",Lean Left,0,npr,42.99,-4.27
It was very clear that we had gotten to a point where the president had crossed lines that could never be crossed.,Lean Left,1,npr,42.99,-4.27
"Kaiser says it will also work to fill some of its vacant positions, one of the main components of the coalition's demands.",Lean Left,0,npr,42.99,-4.27
President Biden said on Wednesday that Congress needed to approve funding for Ukraine before it leaves Washington for the holidays or it would strengthen the position of Russian President Vladimir Putin.,Lean Left,0,npr,42.99,-4.27
"But they brought these emotions, the soul baggage also and expressed it.",Lean Left,1,npr,42.99,-4.27
Villano Antillano kicked off her Tiny Desk Concert with a Britney Spears-approved message: Dump.,Lean Left,0,npr,42.99,-4.27
Journalism philanthropy matters not only for the health of our communities but for the fabric of our multicultural democracy.,Center,1,poynter,41.75,-7.32
"We covered private equity, climate change, immigration, crime, affirmative action, and the list goes on.",Center,1,poynter,41.75,-7.32
"Pay is a minimum of $30 per hour for an initial contract through March 15, 2024.",Center,0,poynter,41.75,-7.32
People seeking public aid have historically encountered long call-center wait times and limited options for in-person help.,Lean Left,0,montana-free-press,46.33,-3.8
The town’s animal control officer is working closely with Princeton University to capture the raccoon.,Lean Left,0,nj.com,43.92,-2.88
This was a way of making it a more equitable outcome with long term certainty.,Lean Right,0,zerohedge,20.78,16.08
"And it unfairly implicates many of my orthodox former constituents in Brooklyn, many of whose families rose from the ashes of the Holocaust,"" he said.",Lean Right,1,zerohedge,20.78,16.08
City officials did not respond to emails and telephone messages seeking comment for this story before press time.,Lean Right,0,zerohedge,20.78,16.08
"She's fed up with semiconductor firms whining: ""newsflash: democracy is good for your business.",Lean Right,1,zerohedge,20.78,16.08
"From the moment Putin walked out onto a royal purple carpet-bedecked airport tarmac to later being officially greeted by crown prince Mohammed bin Salman (MbS), it was chummy handshakes, back slaps and smiles all the way around.",Lean Right,1,zerohedge,20.78,16.08
"A major shakeup might hit the golf world as early as next week, with reports suggesting that Tiger Woods' nearly 30-year sponsorship deal with Nike may end following the PNC Championship in Orlando, Florida.",Lean Right,0,zerohedge,20.78,16.08
Was Wednesday's very brief Middle East tour by Putin for the purpose of doing a victory lap?,Lean Right,1,zerohedge,20.78,16.08
"As a result, Knicks coach Tom Thibodeau has shortened his leash, reducing him to a token starter.",Center,1,heavy,43.64,-2.71
"A Somewhat Similar Controversy Broke Out in Williamsburg, Virginia, when a Community Group Opted Against Holding a Menorah Lighting Singling out the Jewish community by canceling this Hanukkah celebration is absurd and antisemitic.",Center,1,heavy,43.64,-2.71
Jason Mraz and Daniella Karagach did a foxtrot and were mentored by Tonioli.,Center,0,heavy,43.64,-2.71
"But on the other side of the ball, he was non-existent.",Center,1,heavy,43.64,-2.71
"Jalen Brunson’s Response After their 146-122 blowout loss to the Bucks, Grimes ranted over his lack of touches playing in the Knicks’ starting unit with three ball-dominant players in Randle, Brunson and RJ Barrett.",Center,1,heavy,43.64,-2.71
"Harbaugh has a history in Chicago, the team that drafted him in 1987 and which he led to a 35-30 record as the QB across seven seasons between 1987-93.",Center,1,heavy,43.64,-2.71
"As a member of the Sayeret Matkal elite commando unit, he participated in the Entebbe raid, serving under Yoni Netanyahu, the current PM’s elder brother, who was killed on the mission.",Lean Left,0,politico,42.32,-5.58
"And by doing so, they risk derailing the historic 75th anniversary summit, undermining Western unity.",Lean Left,1,politico,42.32,-5.58
"Completely... [ Indistinct conversation ] This next one's gonna be completely... -Here, guys.",Lean Left,0,pbs-newshour,43.07,-9.07
"Or are you sad because you're married to my sister, you have a baby with Lois, oh, and you think you can keep it secret, but everybody knows?",Lean Left,1,pbs-newshour,43.07,-9.07
"He claimed he graduated from Baruch College in 2010, but the school had no record of him, either.",Left,0,msnbc,34.51,-14.03
"Because cash-out refinances are riskier for lenders, companies usually set stricter eligibility requirements.",Lean Left,0,business-insider,40.58,-4.19
"Deforestation has resulted in the loss of nearly a fifth of the rainforest over the last 50 years, according to the World Wildlife Fund.",Lean Left,0,business-insider,40.58,-4.19
Trucks are 45% more likely to kill a person they hit than smaller vehicles.,Lean Left,0,business-insider,40.58,-4.19
"If you are a fan of Sam's beard, you might be pleased to know that he is the owner of a gender-inclusive beard grooming brand called Beard Giant .",Lean Left,0,business-insider,40.58,-4.19
"That led him to start Neuralink, a brain-computer-interface company with an eye on letting humans intermingle with AI, and to cofound OpenAI, which in a twist only ChatGPT could love has pivoted to creating an artificial intelligence powerful enough to take over the world and kill all humans.",Lean Left,1,business-insider,40.58,-4.19
"Cash-out refinance vs. rate-and-term mortgage refinance: What are they, and which one should you choose?",Lean Left,0,business-insider,40.58,-4.19
"AnnaStills/Shutterstock Bringing the outdoors in is a growing bedroom trend, according to James Stanley, principal designer and founder of James Stanley NY .",Lean Left,0,business-insider,40.58,-4.19
"LLMs basically regurgitate what worked before - something the low performers can learn a lot from, but stuff the high performers already know.",Lean Left,1,business-insider,40.58,-4.19
"Flavor-wise, this definitely checked the boxes for a vegetable holiday side dish.",Lean Left,0,business-insider,40.58,-4.19
"On March 16, 2020, the Federal Reserve made an emergency rate change and dropped the target to zero.",Lean Left,0,business-insider,40.58,-4.19
They're pretty enough to put on display at a holiday party and scrumptious enough to have come from an upscale confectionery shop.,Lean Left,0,business-insider,40.58,-4.19
"The Cybertruck takes this idea to its logical, lolsob hilarious extreme.",Lean Left,1,business-insider,40.58,-4.19
"Savanna Swain-Wilson Pistachios are elite - everything they touch turns to gold, whether it's gelato, pie, or in this case, biscotti.",Lean Left,0,business-insider,40.58,-4.19
"But in the time it took me to get back in touch with my mortgage broker, the rates on the 20-year loan had gone back up, to 3.25%.",Lean Left,0,business-insider,40.58,-4.19
"It seems like they are changing every day, if not multiple times per day.",Lean Left,0,business-insider,40.58,-4.19
"The broker and lawyers for the AG had met in July, during a pre-trial deposition.",Lean Left,0,business-insider,40.58,-4.19
"Advertisement People of all ages show bias against older adults , though the way they express it changes with age.",Lean Left,1,business-insider,40.58,-4.19
"For mortgage borrowers like me, lower interest rates led to a great opportunity for refinancing.",Lean Left,0,business-insider,40.58,-4.19
"For anyone who is interested in applying for the scheme, but is unsure if they are eligible or their circumstances make it challenging to access, please contact brc .nhs.uk to discuss.",Center,0,nature,46.33,-1.48
The two proceeded to talk over each other while the moderators scolded them and tried to get the conversation back under control.,Lean Left,0,mediaite,37.25,-8.64
"They started Race to Dinner to challenge liberal white women to accept their racism, however subconscious.",Lean Left,1,mediaite,37.25,-8.64
"Despite the long-term decline in union membership and urgent debates about the strategic direction of labor, few of the top leaders of large unions even faced a challenger at their last convention, as the table below shows.",Left,0,jacobin,31.69,-21.47
"Which are important, but given the stakes of a categorical climate denier being in charge for another four years, one would think the basic rejection of scientific consensus would merit at least a mention, if not deserve to be the central premise of the article.",Left,1,jacobin,31.69,-21.47
"If there are no foreign workers, there won’t be any agriculture.",Left,1,jacobin,31.69,-21.47
"By the time of a proposed general strike in February 1947, it was clear the left leadership had made a fatal miscalculation.",Left,1,jacobin,31.69,-21.47
"Instead, they focused on leveraging workers’ growing power to cajole other left parties into forming a left-of-center coalition government.",Left,1,jacobin,31.69,-21.47
The revolutionaries promised to satisfy the craving for authenticity through direct involvement in government.,Left,1,jacobin,31.69,-21.47
The warning suggests potential liability and the prospect of facing charges before the International Criminal Court (ICC) for aiding and abetting Israeli war crimes.,Left,0,jacobin,31.69,-21.47
"In this case, the personal data was obtained without the consent or even awareness of patients in order to target them with advertisements - the core of Meta’s business model.",Left,0,jacobin,31.69,-21.47
"A Capitalist Cataclysm Outflanked by an elite that rallied behind the flag, the Japanese labor movement subsequently came under severe attack.",Left,1,jacobin,31.69,-21.47
"If you take the climate crisis seriously, which you should, all of this is pretty scary, and it should give Biden and the Democrats and a huge opening to draw the largest possible contrast with Trump.",Left,1,jacobin,31.69,-21.47
"Even if you're oily, the extra protection for your skin barrier is always a plus.",Left,0,teen-vogue,37.79,-15.5
"Most days, he readied for work in the dark, freshening up with baby wipes unless rain offered a chance for a makeshift shower.",Left,0,teen-vogue,37.79,-15.5
"Also:Boyfriend eager to keep girlfriends from meeting - Feeling Invisible in Louisiana Dear Invisible: Of course the woman’s behavior is rude, and even somewhat hostile.",Center,1,detroit-news,45.92,-2.2
"So we have characters, stakes, and a whole lot of stomping going on, as Godzilla attacks by sea and land, laying waste to Ginza with his radioactive breath.",Center,0,detroit-news,45.92,-2.2
"Some of these organizations cropped up organically in the wake of October 7, while others are established advocacy groups repurposing their existing volunteer force to respond to the crisis.",Lean Right,0,the-dispatch,41.19,5.33
"A great deal of excellent journalism is still available to those who want it, but one has to seek it out like a tourist trying to find a chapel amidst the neon signs of some dystopian red-light district.",Lean Right,1,the-dispatch,41.19,5.33
"TEL AVIV, Israel-Despite still mourning Hamas’ brutal attack on October 7 and prosecuting a war against the terrorist group, Israel has cautiously rejoiced this week as a temporary pause in fighting was extended to a seventh day to allow for the return of hostages from Gaza continued.",Lean Right,0,the-dispatch,41.19,5.33
"It waited months to tell his patients that he was no longer working, and then sent matter-of-fact letters that omitted the reason.",Lean Left,1,propublica,47.17,-6.77
"Other expenses included more than $100,000 in mattress covers and at least $130,000 paid to a company to decontaminate the rooms.",Lean Left,0,propublica,47.17,-6.77
"For the company’s part, working with the Army gave it access to new science and, importantly, the ability to conduct specialized research.",Lean Left,0,propublica,47.17,-6.77
"But, of course, the politics of sexual abuse had undergone a sea change.",Lean Left,1,propublica,47.17,-6.77
"Your friends will laugh, your enemies will feel stupid in their Barbie-pink cowboy hats and bell bottoms, and you will be rich (in admiration and dollars saved).",Left,1,jezebel,29.2,-18.18
Does this stuff still vex you or was the film truly the exorcism that you had hoped it would be?,Left,1,jezebel,29.2,-18.18
"It’s understandable, then, that it’s even more heartbreaking than usual to be laid off in December.",Center,1,techcrunch,45.28,-0.4
"She has more than 25 years’ experience in public, start-up, and non-profit sectors and has advocated for communities of color working to increase social sector outcomes and shareholder value.",Center,0,education-week,43.11,-3.02
"If you wish to use such content, please send your request to reprints .org .",Center,0,education-week,43.11,-3.02
While teaching he earned his doctorate from Columbia University and accepted an administrative position with Mineola in 1999.He believes strongly in the district’s mission to inspire students to become lifelong learners that exhibit strength of character and contribute positively to a global society.,Center,0,education-week,43.11,-3.02
1 goal is to win the election - and the No.,Center,1,education-week,43.11,-3.02
"With the hold, we have already shaken their faith in us.",Center,1,voice-of-america,46.29,-3.24
